{"cameraMode":{"drawMode":0,"name":"Shaded","section":"Shading Mode"},"sceneLighting":true,"audioPlay":false,"sceneViewState":{"m_AlwaysRefresh":false,"showFog":true,"showSkybox":true,"showFlares":true,"showImageEffects":true,"showParticleSystems":true,"showVisualEffectGraphs":true,"m_FxEnabled":true},"in2DMode":false,"pivot":{"x":8.577568054199219,"y":22.19757080078125,"z":104.29203033447266},"rotation":{"x":-0.07541319727897644,"y":0.18448856472969056,"z":-0.014196841977536679,"w":-0.9798939228057861},"size":62.56069564819336,"orthographic":false}