{"cameraMode":{"drawMode":0,"name":"Shaded","section":"Shading Mode"},"sceneLighting":false,"audioPlay":false,"sceneViewState":{"m_AlwaysRefresh":false,"showFog":true,"showSkybox":false,"showFlares":true,"showImageEffects":true,"showParticleSystems":true,"showVisualEffectGraphs":true,"m_FxEnabled":true},"in2DMode":false,"pivot":{"x":-43.302886962890628,"y":20.604938507080079,"z":87.74020385742188},"rotation":{"x":-0.06957562267780304,"y":-0.07167146354913712,"z":0.005014451686292887,"w":-0.9950424432754517},"size":55.29901123046875,"orthographic":false}